dataset,n_total,n_used,n_missing_pred,tp,tn,fp,fn,accuracy,specificity,recall,f1
dataset1,3579,3564,15,1022,1917,212,413,0.824635241301908,0.900422733677783,0.7121951219512195,0.7658298988385164
dataset2,6000,5978,22,2803,2738,260,177,0.9268986283037806,0.9132755170113409,0.9406040268456376,0.9276849247062718
dataset3,5166,5140,26,2959,1876,305,0,0.9406614785992218,0.8601558917927556,1.0,0.9509882693234774
