llm,n_total,n_used,n_missing_pred,tp,tn,fp,fn,accuracy,specificity,recall,f1
gemini,4915,4908,7,2273,1828,611,196,0.8355745721271394,0.7494874948749487,0.9206156338598623,0.8492434149075284
grok,4915,4901,14,2190,2395,39,277,0.9355233625790655,0.9839769926047658,0.8877178759627078,0.9327086882453153
openai,4915,4873,42,2321,2308,127,117,0.94992817566181,0.9478439425051335,0.9520098441345365,0.9500613999181334
