file,n,tp,tn,fp,fn,accuracy,specificity,recall,f1
llm_email_phishing_results_dataset_1_gpt_5_nano.csv,1187,362,599,110,116,0.8096040438079192,0.844851904090268,0.7573221757322176,0.7621052631578947
llm_email_phishing_results_dataset_3_gpt_5_nano.csv,2093,1206,883,4,0,0.998088867654085,0.9954904171364148,1.0,0.9983443708609271
llm_email_phishing_results_dataset_twente_gpt_5_nano.csv,1980,980,986,13,1,0.9929292929292929,0.986986986986987,0.9989806320081549,0.9929078014184397
